,Title:,Monthly Diagnostics,,,,,,,,,,,,,,,,,,,,,,,,,
,Summary:,Waiting times and activity for Diagnostic tests and procedures,,,,,,,,,,,,,,,,,,,,,,,,,
,,,,,,,,,,,,,,,,,,,,,,,,,,,
,Period:,March 2025,,,,,,,,,,,,,,,,,,,,,,,,,
,Source:,"DM01, collected via SDCS",,,,,,,,,,,,,,,,,,,,,,,,,
,Basis:,Provider,,,,,,,,,,,,,,,,,,,,,,,,,
,Published:,15th May 2025,,,,,,,,,,,,,,,,,,,,,,,,,
,Revised:,16th April 2026,,,,,,,,,,,,,,,,,,,,,,,,,
,Status:,Published,,,,,,,,,,,,,,,,,,,,,,,,,
,Contact:,Sheila Dixon - england.diagnosticsdata@nhs.net,,,,,,,,,,,,,,,,,,,,,,,,,
,,,,,,,,,,,,,,,,,,,,,,,,,,,
,Provider level data,,,,,,,, Number of Patients Waiting at Month End ,,,,,,,,,,,,,," Timebands 
 Waiting ", Activity during month ,,, Activity 
,Regional Team Code,Regional Team Name,Provider Code,Provider Name, Total Waiting List , Number waiting 6+ Weeks , Number waiting 13+ Weeks , Percentage waiting 6+ weeks , 0 <01 weeks , 01 <02 weeks , 02 <03 weeks , 03 <04 weeks , 04 <05 weeks , 05 <06 weeks , 06 <07 weeks , 07 <08 weeks , 08 <09 weeks , 09 <10 weeks , 10 <11 weeks , 11 <12 weeks , 12 <13 weeks , 13+ weeks ,, Planned tests / procedures , Unscheduled tests / procedures , Waiting list tests / procedures (excluding planned) ,
,,,,Total,"1,703,573","312,915","103,457",18.4%,"378,105","302,665","249,585","205,761","155,755","98,787","57,655","45,242","34,888","25,191","20,641","16,164","9,677","103,457",,"274,737","537,482","1,702,248",
,,,,,,,,,,,,,,,,,,,,,,,,,,,
,Y56,London Commissioning Region,RF4,"Barking, Havering and Redbridge University Hospitals NHS Trust","9,733",462,101,4.7%,"2,715","2,180","2,069","1,490",580,237,93,84,68,73,18,23,2,101,,"1,500","4,726","20,361",
,Y56,London Commissioning Region,R1H,Barts Health NHS Trust,"31,269","6,684","2,899",21.4%,"5,590","4,959","4,431","4,206","3,358","2,041","1,018",749,640,481,398,312,187,"2,899",,"5,167","14,008","23,696",
,Y56,London Commissioning Region,ADW,Beehive Solutions Ltd,154,0,0,0.0%,25,31,30,35,33,0,0,0,0,0,0,0,0,0,,0,"1,945",12,
,Y56,London Commissioning Region,NT405,Bishops Wood Hospital,38,2,1,5.3%,11,13,5,2,1,4,0,0,0,1,0,0,0,1,,0,0,177,
,Y56,London Commissioning Region,NT406,Blackheath Hospital,99,3,0,3.0%,48,24,8,8,5,3,3,0,0,0,0,0,0,0,,0,0,166,
,Y56,London Commissioning Region,NQV,Bromley Healthcare,151,21,1,13.9%,31,20,32,28,13,6,7,7,1,3,2,0,0,1,,37,0,97,
,Y56,London Commissioning Region,NT451,Cavell Hospital,61,4,0,6.6%,36,5,9,2,4,1,3,0,0,0,0,0,1,0,,0,0,103,
,Y56,London Commissioning Region,RV3,Central and North West London NHS Foundation Trust,91,30,0,33.0%,11,9,10,12,14,5,3,16,9,1,1,0,0,0,,0,0,193,
,Y56,London Commissioning Region,RQM,Chelsea and Westminster Hospital NHS Foundation Trust,"10,911",356,62,3.3%,"3,109","2,216","1,699","1,448","1,291",792,149,60,34,23,14,8,6,62,,"1,540","5,322","16,223",
,Y56,London Commissioning Region,NT409,Chelsfield Park Hospital,98,0,0,0.0%,38,30,11,8,9,2,0,0,0,0,0,0,0,0,,0,0,133,
,Y56,London Commissioning Region,NT411,Clementine Churchill Hospital,133,6,0,4.5%,51,29,21,15,8,3,4,2,0,0,0,0,0,0,,0,0,387,
,Y56,London Commissioning Region,RJ6,Croydon Health Services NHS Trust,"14,843","1,770",91,11.9%,"3,540","2,439","2,286","1,975","1,681","1,152",796,532,161,101,46,29,14,91,,824,"3,402","10,185",
,Y56,London Commissioning Region,RVR,Epsom and St Helier University Hospitals NHS Trust,"12,990",781,157,6.0%,"2,848","2,471","2,165","2,060","1,795",870,300,117,65,45,34,32,31,157,,"1,041","4,319","12,933",
,Y56,London Commissioning Region,RP4,Great Ormond Street Hospital For Children NHS Foundation Trust,"2,436",706,403,29.0%,455,324,342,257,222,130,104,61,47,28,23,18,22,403,,"1,739","1,391","1,572",
,Y56,London Commissioning Region,RJ1,Guy's and St Thomas' NHS Foundation Trust,"19,785","5,028","1,807",25.4%,"4,524","3,156","2,478","2,083","1,530",986,756,676,492,395,331,340,231,"1,807",,"7,179","4,486","26,512",
,Y56,London Commissioning Region,NT416,Hendon Hospital,72,8,2,11.1%,14,17,14,11,5,3,2,2,1,0,1,0,0,2,,0,0,87,
,Y56,London Commissioning Region,RQX,Homerton Healthcare NHS Foundation Trust,"9,769","1,210",210,12.4%,"2,308","1,872","1,476","1,254","1,043",606,307,293,210,125,36,15,14,210,,349,"2,708","9,846",
,Y56,London Commissioning Region,RYJ,Imperial College Healthcare NHS Trust,"19,638","1,831",301,9.3%,"4,439","3,835","3,402","2,825","2,155","1,151",462,364,243,190,133,100,38,301,,"3,890","8,498","20,701",
,Y56,London Commissioning Region,RJZ,King's College Hospital NHS Foundation Trust,"31,917","14,404","8,293",45.1%,"5,232","3,194","2,728","2,508","2,232","1,619","1,427","1,215","1,026",718,687,663,375,"8,293",,919,"8,517","22,746",
,Y56,London Commissioning Region,NT421,Kings Oak Hospital,41,1,0,2.4%,17,11,9,1,2,0,1,0,0,0,0,0,0,0,,0,0,55,
,Y56,London Commissioning Region,RAX,Kingston and Richmond NHS Foundation Trust,"7,923","1,050",231,13.3%,"2,093","1,636","1,278",910,585,371,381,189,102,48,41,40,18,231,,"2,455","6,805","6,950",
,Y56,London Commissioning Region,RJ2,Lewisham and Greenwich NHS Trust,"19,076","3,825",224,20.1%,"3,545","3,185","2,863","2,486","1,748","1,424","1,140",903,748,417,165,162,66,224,,713,"7,034","12,846",
,Y56,London Commissioning Region,NT422,London Independent Hospital,192,11,0,5.7%,94,43,23,11,6,4,5,1,3,1,0,0,1,0,,0,0,469,
,Y56,London Commissioning Region,R1K,London North West University Healthcare NHS Trust,"23,200","7,174","3,230",30.9%,"4,343","3,494","2,868","2,076","1,734","1,511",858,851,764,532,389,336,214,"3,230",,"1,536","6,115","14,118",
,Y56,London Commissioning Region,AY1,Medefer,555,186,37,33.5%,17,36,63,96,105,52,33,29,33,18,14,12,10,37,,0,0,239,
,Y56,London Commissioning Region,RP6,Moorfields Eye Hospital NHS Foundation Trust,156,2,0,1.3%,38,36,36,26,11,7,1,1,0,0,0,0,0,0,,1,0,905,
,Y56,London Commissioning Region,RAT,North East London NHS Foundation Trust,720,451,300,62.6%,36,56,46,53,38,40,40,28,23,23,16,13,8,300,,51,0,194,
,Y56,London Commissioning Region,RPG,Oxleas NHS Foundation Trust,87,67,61,77.0%,9,2,7,0,2,0,1,1,2,1,0,0,1,61,,43,0,34,
,Y56,London Commissioning Region,NTP15,Practice Plus Group Hospital - Ilford,351,29,1,8.3%,82,63,64,49,48,16,17,6,2,0,2,0,1,1,,0,0,557,
,Y56,London Commissioning Region,RAL,Royal Free London NHS Foundation Trust,"29,229","2,923",637,10.0%,"9,173","5,093","4,536","3,533","2,566","1,405",572,390,326,301,337,246,114,637,,"3,555","11,405","29,066",
,Y56,London Commissioning Region,RAN,Royal National Orthopaedic Hospital NHS Trust,"1,961",69,1,3.5%,379,449,306,302,238,218,9,13,25,7,8,5,1,1,,219,0,"2,122",
,Y56,London Commissioning Region,NT436,Shirley Oaks Hospital,106,2,0,1.9%,40,19,19,12,5,9,1,0,1,0,0,0,0,0,,0,0,281,
,Y56,London Commissioning Region,NT437,Sloane Hospital,52,0,0,0.0%,35,3,7,4,2,1,0,0,0,0,0,0,0,0,,0,0,99,
,Y56,London Commissioning Region,RV5,South London and Maudsley NHS Foundation Trust,0,0,0,0.0%,0,0,0,0,0,0,0,0,0,0,0,0,0,0,,0,27,0,
,Y56,London Commissioning Region,Y8L9S,Spamedica Bromley,0,0,0,0.0%,0,0,0,0,0,0,0,0,0,0,0,0,0,0,,0,0,17,
,Y56,London Commissioning Region,N1N0Y,Spamedica Croydon,0,0,0,0.0%,0,0,0,0,0,0,0,0,0,0,0,0,0,0,,0,0,0,
,Y56,London Commissioning Region,V8N5R,Spamedica Dalston,0,0,0,0.0%,0,0,0,0,0,0,0,0,0,0,0,0,0,0,,0,0,12,
,Y56,London Commissioning Region,B4N1U,Spamedica Romford,0,0,0,0.0%,0,0,0,0,0,0,0,0,0,0,0,0,0,0,,0,0,58,
,Y56,London Commissioning Region,NT314,Spire London East,127,26,9,20.5%,54,23,4,13,4,3,3,2,5,0,4,2,1,9,,0,0,251,
,Y56,London Commissioning Region,NT3X3,Spire St Anthony's Hospital,228,129,92,56.6%,26,33,21,8,6,5,8,3,6,2,9,7,2,92,,0,0,180,
,Y56,London Commissioning Region,RJ7,St George's University Hospitals NHS Foundation Trust,"12,034",627,116,5.2%,"2,737","2,889","2,353","1,589","1,178",661,75,71,91,66,75,63,70,116,,"1,189","4,984","15,497",
,Y56,London Commissioning Region,DK6,Surgimed Healthcare Ltd,821,0,0,0.0%,284,210,156,121,38,12,0,0,0,0,0,0,0,0,,11,0,933,
,Y56,London Commissioning Region,RAS,The Hillingdon Hospitals NHS Foundation Trust,"9,308","1,747",126,18.8%,"1,800","1,630","1,361","1,141",931,698,566,434,251,185,108,60,17,126,,229,"2,859","6,530",
,Y56,London Commissioning Region,RPY,The Royal Marsden NHS Foundation Trust,908,26,8,2.9%,388,233,122,80,38,21,8,3,2,2,2,0,1,8,,"3,484","1,542","2,350",
,Y56,London Commissioning Region,RRV,University College London Hospitals NHS Foundation Trust,"13,106","1,057",106,8.1%,"3,774","2,534","1,969","1,617","1,324",831,343,227,158,117,35,37,34,106,,"4,306","4,439","14,481",
,Y56,London Commissioning Region,RKL,West London NHS Trust,414,10,0,2.4%,132,128,48,44,35,17,8,1,1,0,0,0,0,0,,460,0,0,
,Y56,London Commissioning Region,RKE,Whittington Health NHS Trust,"6,999",395,52,5.6%,"1,255","1,661","1,311","1,103",697,577,115,81,58,41,18,26,4,52,,"4,086","4,262","5,614",
,Y56,London Commissioning Region,NNV,Your Healthcare,15,0,0,0.0%,15,0,0,0,0,0,0,0,0,0,0,0,0,0,,0,0,15,
,Y58,South West Commissioning Region,NT402,Bath Clinic,13,0,0,0.0%,6,3,3,1,0,0,0,0,0,0,0,0,0,0,,0,0,59,
,Y58,South West Commissioning Region,AC7,Cobalt Health,409,4,0,1.0%,179,111,93,11,7,4,1,0,1,1,1,0,0,0,,0,501,0,
,Y58,South West Commissioning Region,RJ8,Cornwall Partnership NHS Foundation Trust,92,64,17,69.6%,2,15,0,4,0,7,16,4,3,0,7,12,5,17,,0,0,10,
,Y58,South West Commissioning Region,RBD,Dorset County Hospital NHS Foundation Trust,"6,174","1,059",267,17.2%,"1,379","1,026",859,749,724,378,174,129,172,86,81,91,59,267,,"1,314","2,049","7,351",
,Y58,South West Commissioning Region,RDY,Dorset Healthcare University NHS Foundation Trust,"1,689",140,2,8.3%,319,364,281,238,188,159,78,23,18,6,7,2,4,2,,0,0,"1,712",
,Y58,South West Commissioning Region,NVC04,Duchy Hospital,58,12,4,20.7%,8,6,26,6,0,0,2,3,0,1,0,0,2,4,,2,0,47,
,Y58,South West Commissioning Region,NGL,Echogenicity Limited,"1,325",209,0,15.8%,9,42,68,277,404,316,201,8,0,0,0,0,0,0,,0,0,583,
,Y58,South West Commissioning Region,NVC0Y,Exeter Medical,5,1,0,20.0%,0,0,4,0,0,0,0,0,0,0,1,0,0,0,,0,0,4,
,Y58,South West Commissioning Region,NCL01,Express Diagnostics (Derriford),132,0,0,0.0%,100,32,0,0,0,0,0,0,0,0,0,0,0,0,,0,0,163,
,Y58,South West Commissioning Region,RTE,Gloucestershire Hospitals NHS Foundation Trust,"14,284","2,435",543,17.0%,"3,566","2,326","1,980","1,704","1,546",727,725,401,319,136,47,134,130,543,,"2,289","6,032","10,951",
,Y58,South West Commissioning Region,RN3,Great Western Hospitals NHS Foundation Trust,"6,589",596,150,9.0%,"1,799","1,450","1,006",810,687,241,87,99,125,33,27,22,53,150,,"1,400","1,530","9,486",
,Y58,South West Commissioning Region,NT419,Harbour Hospital,1,0,0,0.0%,1,0,0,0,0,0,0,0,0,0,0,0,0,0,,0,0,10,
,Y58,South West Commissioning Region,NXP,Independent Health Group,0,0,0,0.0%,0,0,0,0,0,0,0,0,0,0,0,0,0,0,,0,0,0,
,Y58,South West Commissioning Region,NEF,Korus Health,"2,046",6,0,0.3%,629,563,437,244,111,56,6,0,0,0,0,0,0,0,,"3,139",0,0,
,Y58,South West Commissioning Region,NVC08,Mount Stuart Hospital,191,65,13,34.0%,32,30,17,21,22,4,7,10,11,5,8,8,3,13,,5,0,152,
,Y58,South West Commissioning Region,NVC09,New Hall Hospital,205,51,25,24.9%,55,52,21,18,6,2,6,4,5,4,3,4,0,25,,13,0,459,
,Y58,South West Commissioning Region,RVJ,North Bristol NHS Trust,"10,953",62,0,0.6%,"3,075","2,469","1,884","1,413","1,358",692,28,17,10,3,4,0,0,0,,"2,473","3,056","19,358",
,Y58,South West Commissioning Region,NT202,"Nuffield Health, Bournemouth Hospital",12,0,0,0.0%,7,3,2,0,0,0,0,0,0,0,0,0,0,0,,0,0,20,
,Y58,South West Commissioning Region,NT206,"Nuffield Health, Bristol Hospital (Chesterfield)",19,1,1,5.3%,6,6,5,0,0,1,0,0,0,0,0,0,0,1,,0,0,33,
,Y58,South West Commissioning Region,NT211,"Nuffield Health, Cheltenham Hospital",0,0,0,0.0%,0,0,0,0,0,0,0,0,0,0,0,0,0,0,,0,0,0,
,Y58,South West Commissioning Region,NT215,"Nuffield Health, Exeter Hospital",0,0,0,0.0%,0,0,0,0,0,0,0,0,0,0,0,0,0,0,,0,0,0,
,Y58,South West Commissioning Region,NT238,"Nuffield Health, Taunton Hospital",0,0,0,0.0%,0,0,0,0,0,0,0,0,0,0,0,0,0,0,,0,0,0,
,Y58,South West Commissioning Region,NTPH2,Practice Plus Group Hospital - Emersons Green,667,80,1,12.0%,109,115,112,101,83,67,33,33,12,0,0,1,0,1,,0,0,971,
,Y58,South West Commissioning Region,NTPH5,Practice Plus Group Hospital - Plymouth,222,32,15,14.4%,52,31,41,25,36,5,2,7,2,1,3,0,2,15,,0,0,417,
,Y58,South West Commissioning Region,NTPH1,Practice Plus Group Hospital - Shepton Mallet,582,45,1,7.7%,135,134,111,94,44,19,15,11,7,4,3,2,2,1,,0,0,425,
,Y58,South West Commissioning Region,NTPH3,Practice Plus Group Surgical Centre - Devizes,457,30,0,6.6%,57,66,138,89,48,29,16,6,3,2,1,1,1,0,,0,0,421,
,Y58,South West Commissioning Region,NT430,Ridgeway Hospital,26,0,0,0.0%,22,0,1,0,3,0,0,0,0,0,0,0,0,0,,0,0,26,
,Y58,South West Commissioning Region,REF,Royal Cornwall Hospitals NHS Trust,"9,057",836,114,9.2%,"2,017","1,775","1,479","1,362",939,649,231,185,113,92,57,25,19,114,,"1,897","4,077","10,356",
,Y58,South West Commissioning Region,RH8,Royal Devon University Healthcare NHS Foundation Trust,"17,494","6,395","2,010",36.6%,"2,375","2,638","1,978","1,781","1,346",981,"1,001",925,895,530,483,334,217,"2,010",,"2,469","3,473","14,598",
,Y58,South West Commissioning Region,RD1,Royal United Hospitals Bath NHS Foundation Trust,"10,601","2,717",679,25.6%,"2,037","1,886","1,407","1,130",895,529,458,452,369,283,207,182,87,679,,"2,048","3,581","9,994",
,Y58,South West Commissioning Region,RNZ,Salisbury NHS Foundation Trust,"6,342",973,306,15.3%,"1,246","1,176","1,012",896,660,379,221,134,120,60,52,39,41,306,,"1,446",838,"6,956",
,Y58,South West Commissioning Region,RH5,Somerset NHS Foundation Trust,"14,067","3,155",453,22.4%,"2,849","2,364","1,844","1,679","1,267",909,671,566,520,338,286,202,119,453,,"1,441","6,059","12,304",
,Y58,South West Commissioning Region,NFH,Somerset Surgical Services HQ,0,0,0,0.0%,0,0,0,0,0,0,0,0,0,0,0,0,0,0,,0,0,0,
,Y58,South West Commissioning Region,P1B7M,Spamedica Bristol,0,0,0,0.0%,0,0,0,0,0,0,0,0,0,0,0,0,0,0,,0,0,2,
,Y58,South West Commissioning Region,M5E1S,Spamedica Exeter,0,0,0,0.0%,0,0,0,0,0,0,0,0,0,0,0,0,0,0,,0,0,15,
,Y58,South West Commissioning Region,A0C5S,Spamedica Gloucester,0,0,0,0.0%,0,0,0,0,0,0,0,0,0,0,0,0,0,0,,0,0,16,
,Y58,South West Commissioning Region,L6O7H,Spamedica Poole,0,0,0,0.0%,0,0,0,0,0,0,0,0,0,0,0,0,0,0,,0,0,60,
,Y58,South West Commissioning Region,H1T2P,Spamedica Swindon,0,0,0,0.0%,0,0,0,0,0,0,0,0,0,0,0,0,0,0,,0,0,4,
,Y58,South West Commissioning Region,G6S7A,Spamedica Taunton,0,0,0,0.0%,0,0,0,0,0,0,0,0,0,0,0,0,0,0,,0,0,10,
,Y58,South West Commissioning Region,E3D4A,Spamedica Truro,0,0,0,0.0%,0,0,0,0,0,0,0,0,0,0,0,0,0,0,,0,0,6,
,Y58,South West Commissioning Region,NT302,Spire Bristol Hospital,33,1,0,3.0%,7,10,4,7,2,2,0,1,0,0,0,0,0,0,,0,0,35,
,Y58,South West Commissioning Region,NQT5K,St Martins Hospital,333,172,31,51.7%,41,32,32,25,17,14,35,36,32,15,11,10,2,31,,124,0,43,
,Y58,South West Commissioning Region,G3Z1Q,Sulis Hospital Bath (Foxcote Avenue),157,2,0,1.3%,96,23,29,7,0,0,0,2,0,0,0,0,0,0,,0,0,234,
,Y58,South West Commissioning Region,AAH,Tetbury Hospital Trust Ltd,5,5,1,100.0%,0,0,0,0,0,0,0,1,0,0,0,2,1,1,,0,0,0,
,Y58,South West Commissioning Region,NFC01,The Outside Clinic HQ,820,8,3,1.0%,390,212,125,51,25,9,0,5,0,0,0,0,0,3,,0,0,939,
,Y58,South West Commissioning Region,RA9,Torbay and South Devon NHS Foundation Trust,"7,120","2,267",740,31.8%,"1,322","1,049",797,717,521,447,399,271,253,198,162,147,97,740,,660,"2,576","6,609",
,Y58,South West Commissioning Region,DTM,Ultracardiac Ltd,319,121,79,37.9%,93,36,60,3,4,2,0,0,0,3,10,15,14,79,,0,0,932,
,Y58,South West Commissioning Region,RA7,University Hospitals Bristol and Weston NHS Foundation Trust,"14,850","2,262",634,15.2%,"3,989","2,692","2,135","1,524","1,381",867,471,322,242,162,154,112,165,634,,"2,883","4,240","18,503",
,Y58,South West Commissioning Region,R0D,University Hospitals Dorset NHS Foundation Trust,"13,091",986,167,7.5%,"3,494","2,769","2,301","1,790","1,246",505,253,303,120,61,35,34,13,167,,"2,544","5,152","14,276",
,Y58,South West Commissioning Region,RK9,University Hospitals Plymouth NHS Trust,"9,615","1,094",119,11.4%,"2,896","1,893","1,384","1,047",769,532,356,211,132,92,64,74,46,119,,"2,172","3,693","14,099",
,Y58,South West Commissioning Region,NVC22,Winfield Hospital,152,27,20,17.8%,42,26,28,16,8,5,2,2,3,0,0,0,0,20,,2,1,189,
,Y58,South West Commissioning Region,NT443,Winterbourne Hospital,13,0,0,0.0%,7,5,1,0,0,0,0,0,0,0,0,0,0,0,,0,0,11,
,Y59,South East Commissioning Region,NWT,Action For Deafness,966,76,0,7.9%,142,179,202,136,125,106,67,7,1,1,0,0,0,0,,0,0,461,
,Y59,South East Commissioning Region,RTK,Ashford and St Peter's Hospitals NHS Foundation Trust,"8,628",914,209,10.6%,"2,634","1,859","1,414",828,607,372,173,151,122,77,91,64,27,209,,349,"3,927","11,278",
,Y59,South East Commissioning Region,NVC01,Ashtead Hospital,102,19,11,18.6%,27,15,18,10,13,0,0,3,2,1,2,0,0,11,,2,0,131,
,Y59,South East Commissioning Region,NWF01,Benenden Hospital,0,0,0,0.0%,0,0,0,0,0,0,0,0,0,0,0,0,0,0,,386,0,0,
,Y59,South East Commissioning Region,RWX,Berkshire Healthcare NHS Foundation Trust,308,3,0,1.0%,181,71,18,10,21,4,3,0,0,0,0,0,0,0,,224,155,0,
,Y59,South East Commissioning Region,DN4,Berkshire West Community Endoscopy Service,190,0,0,0.0%,44,30,48,34,31,3,0,0,0,0,0,0,0,0,,15,0,159,
,Y59,South East Commissioning Region,RXQ,Buckinghamshire Healthcare NHS Trust,"8,340","1,557",535,18.7%,"1,658","1,462","1,308","1,126",723,506,330,195,158,113,82,80,64,535,,"1,285","4,143","8,824",
,Y59,South East Commissioning Region,G82094,Charing Surgery,0,0,0,0.0%,0,0,0,0,0,0,0,0,0,0,0,0,0,0,,109,0,0,
,Y59,South East Commissioning Region,NT408,Chaucer Hospital,32,4,0,12.5%,7,5,8,4,4,0,0,0,0,0,0,4,0,0,,0,0,340,
,Y59,South East Commissioning Region,NT410,Chiltern Hospital,35,0,0,0.0%,17,6,11,0,1,0,0,0,0,0,0,0,0,0,,0,0,36,
,Y59,South East Commissioning Region,F9Z4V,Circle Reading Hospital,48,1,0,2.1%,25,4,11,6,1,0,0,1,0,0,0,0,0,0,,0,0,112,
,Y59,South East Commissioning Region,RN7,Dartford and Gravesham NHS Trust,"7,721",116,49,1.5%,"2,491","1,902","1,336",913,698,265,24,9,11,9,6,4,4,49,,"3,714","1,160","10,286",
,Y59,South East Commissioning Region,NGD01,Diagnostic Ultrasound Services,0,0,0,0.0%,0,0,0,0,0,0,0,0,0,0,0,0,0,0,,0,0,"1,530",
,Y59,South East Commissioning Region,NNE,Dorking Healthcare Limited (DHC),982,40,0,4.1%,278,261,142,133,84,44,30,8,1,0,0,1,0,0,,166,0,"1,152",
,Y59,South East Commissioning Region,RVV,East Kent Hospitals University NHS Foundation Trust,"17,800","2,309",823,13.0%,"4,512","3,730","2,814","2,024","1,567",844,377,306,248,195,157,116,87,823,,"1,553","8,227","16,898",
,Y59,South East Commissioning Region,RXC,East Sussex Healthcare NHS Trust,"11,264","1,120",201,9.9%,"2,701","2,129","1,906","1,513","1,130",765,392,199,137,112,42,25,12,201,,"1,691","4,215","11,282",
,Y59,South East Commissioning Region,NRK,Eastbourne Healthcare Partnership,1,0,0,0.0%,1,0,0,0,0,0,0,0,0,0,0,0,0,0,,0,0,861,
,Y59,South East Commissioning Region,NVM,Epsomedical Group,271,25,0,9.2%,101,76,33,20,12,4,5,5,6,3,3,3,0,0,,82,6,415,
,Y59,South East Commissioning Region,NDJ,First Community Health and Care CIC,679,415,177,61.1%,37,59,54,43,37,34,45,50,42,34,22,29,16,177,,193,0,0,
,Y59,South East Commissioning Region,RDU,Frimley Health NHS Foundation Trust,"17,901","2,371",387,13.2%,"4,669","3,547","2,946","2,338","1,363",667,415,404,328,237,280,192,128,387,,715,"4,114","17,303",
,Y59,South East Commissioning Region,NT417,Goring Hall Hospital,22,7,0,31.8%,5,4,5,1,0,0,0,1,2,4,0,0,0,0,,0,0,101,
,Y59,South East Commissioning Region,ATK,GP Health Partners Ltd,93,1,0,1.1%,51,25,10,4,2,0,0,0,0,1,0,0,0,0,,0,0,121,
,Y59,South East Commissioning Region,RW1,Hampshire and Isle of Wight Healthcare NHS Foundation Trust,"3,165",27,3,0.9%,787,720,539,566,377,149,15,6,0,2,1,0,0,3,,700,0,"3,676",
,Y59,South East Commissioning Region,NT418,Hampshire Clinic,27,3,0,11.1%,9,8,3,4,0,0,1,1,0,0,0,0,1,0,,0,0,130,
,Y59,South East Commissioning Region,RN5,Hampshire Hospitals NHS Foundation Trust,"17,522","6,541","1,506",37.3%,"2,235","2,270","1,992","1,742","1,500","1,242","1,127",999,915,774,629,419,172,"1,506",,"1,524","3,855","9,868",
,Y59,South East Commissioning Region,Y00080,Harbour Medical Practice,0,0,0,0.0%,0,0,0,0,0,0,0,0,0,0,0,0,0,0,,295,0,0,
,Y59,South East Commissioning Region,NYR,Healthshare Diagnostics,"19,000","1,169",114,6.2%,"8,427","3,810","2,923","1,656",710,305,265,217,157,97,175,101,43,114,,0,0,"23,360",
,Y59,South East Commissioning Region,ALH,Hem Clinical Ultrasound Service Limited,94,0,0,0.0%,49,19,26,0,0,0,0,0,0,0,0,0,0,0,,0,0,710,
,Y59,South East Commissioning Region,NV1,Inhealth Limited,"18,627",452,95,2.4%,"4,461","3,927","3,548","2,803","1,978","1,458",96,81,77,39,16,29,19,95,,387,0,"15,130",
,Y59,South East Commissioning Region,NHA,Insidevue Limited,380,56,0,14.7%,0,92,59,62,70,41,39,17,0,0,0,0,0,0,,0,0,955,
,Y59,South East Commissioning Region,R1F,Isle of Wight NHS Trust,"4,980","1,552",553,31.2%,783,690,633,550,476,296,297,157,152,141,110,80,62,553,,332,"1,215","4,764",
,Y59,South East Commissioning Region,G82114,Ivy Court Surgery,0,0,0,0.0%,0,0,0,0,0,0,0,0,0,0,0,0,0,0,,266,0,0,
,Y59,South East Commissioning Region,RYY,Kent Community Health NHS Foundation Trust,672,162,0,24.1%,110,94,61,78,83,84,72,59,20,7,1,3,0,0,,329,0,160,
,Y59,South East Commissioning Region,ADP02,Kims Hospital (Newnham Court),1,1,0,100.0%,0,0,0,0,0,0,0,1,0,0,0,0,0,0,,0,0,170,
,Y59,South East Commissioning Region,G82730,Kingsnorth Medical Practice,80,0,0,0.0%,29,49,2,0,0,0,0,0,0,0,0,0,0,0,,7,0,84,
,Y59,South East Commissioning Region,RWF,Maidstone and Tunbridge Wells NHS Trust,"10,281","1,087",358,10.6%,"3,173","1,896","1,585","1,315",925,300,137,90,199,82,33,40,148,358,,"1,823","4,640","15,832",
,Y59,South East Commissioning Region,DC8,Medical Imaging Partnership Ltd,"1,409",67,8,4.8%,462,178,457,138,95,12,14,9,6,6,12,8,4,8,,0,0,"1,446",
,Y59,South East Commissioning Region,RPA,Medway NHS Foundation Trust,"6,659",510,267,7.7%,"1,446","1,450","1,235","1,035",638,345,89,38,34,23,21,23,15,267,,"1,098","1,838","7,673",
,Y59,South East Commissioning Region,NTPAA,Mid & South Buckinghamshire Diagnostic NHS Centre,"2,789",759,278,27.2%,376,440,441,297,262,214,98,75,58,43,83,79,45,278,,0,0,"2,694",
,Y59,South East Commissioning Region,NT455,Mount Alvernia Hospital,14,0,0,0.0%,3,6,4,0,1,0,0,0,0,0,0,0,0,0,,0,0,353,
,Y59,South East Commissioning Region,NEP36,Newton Place Surgery,148,66,61,44.6%,41,34,3,3,0,1,0,2,0,0,1,2,0,61,,0,0,199,
,Y59,South East Commissioning Region,NVC11,North Downs Hospital,154,30,12,19.5%,37,30,27,19,10,1,5,6,1,0,2,2,2,12,,2,0,172,
,Y59,South East Commissioning Region,NT205,"Nuffield Health, Brighton Hospital",39,14,8,35.9%,12,3,1,8,1,0,3,1,1,0,1,0,0,8,,0,0,43,
,Y59,South East Commissioning Region,NT212,"Nuffield Health, Chichester Hospital",0,0,0,0.0%,0,0,0,0,0,0,0,0,0,0,0,0,0,0,,0,0,0,
,Y59,South East Commissioning Region,NT216,"Nuffield Health, Guildford Hospital",2,0,0,0.0%,1,1,0,0,0,0,0,0,0,0,0,0,0,0,,0,0,0,
,Y59,South East Commissioning Region,NT218,"Nuffield Health, Haywards Heath Hospital",2,0,0,0.0%,2,0,0,0,0,0,0,0,0,0,0,0,0,0,,2,0,0,
,Y59,South East Commissioning Region,NT214,"Nuffield Health, Wessex Hospital",12,0,0,0.0%,6,3,1,1,1,0,0,0,0,0,0,0,0,0,,0,0,0,
,Y59,South East Commissioning Region,NT241,"Nuffield Health, Woking Hospital",0,0,0,0.0%,0,0,0,0,0,0,0,0,0,0,0,0,0,0,,0,0,0,
,Y59,South East Commissioning Region,RTH,Oxford University Hospitals NHS Foundation Trust,"25,132","5,967","1,887",23.7%,"4,501","3,839","3,641","2,908","2,588","1,688","1,014",867,859,548,364,287,141,"1,887",,"2,962","9,231","20,962",
,Y59,South East Commissioning Region,H82017,Park Surgery,199,0,0,0.0%,31,82,86,0,0,0,0,0,0,0,0,0,0,0,,0,0,570,
,Y59,South East Commissioning Region,RHU,Portsmouth Hospitals University National Health Service Trust,"12,161","4,935","3,592",40.6%,"1,866","1,579","1,313","1,108",825,535,343,292,166,142,166,157,77,"3,592",,"2,480","4,351","12,343",
,Y59,South East Commissioning Region,NTP11,Practice Plus Group Hospital - Southampton,419,94,25,22.4%,71,79,68,36,38,33,23,19,16,6,3,1,1,25,,0,0,443,
,Y59,South East Commissioning Region,NTP16,Practice Plus Group Surgical Centre - Gillingham,144,3,0,2.1%,37,29,38,17,16,4,2,1,0,0,0,0,0,0,,0,0,152,
,Y59,South East Commissioning Region,NTPAD,Practice Plus Group Surgical Centre - St Marys Portsmouth,938,206,0,22.0%,111,170,157,156,53,85,56,74,9,35,23,5,4,0,,0,0,"1,035",
,Y59,South East Commissioning Region,NT428,Princess Margaret Hospital,6,1,0,16.7%,3,1,1,0,0,0,1,0,0,0,0,0,0,0,,0,0,18,
,Y59,South East Commissioning Region,RPC,Queen Victoria Hospital NHS Foundation Trust,"2,261",312,69,13.8%,493,475,375,359,174,73,63,53,47,27,25,18,10,69,,92,38,"2,004",
,Y59,South East Commissioning Region,RHW,Royal Berkshire NHS Foundation Trust,"8,393",683,132,8.1%,"2,165","1,589","1,408","1,173",926,449,208,136,67,73,35,24,8,132,,"1,076","3,710","7,486",
,Y59,South East Commissioning Region,RA2,Royal Surrey County Hospital NHS Foundation Trust,"12,310","5,063","2,365",41.1%,"1,240","1,646","1,437","1,205",875,844,755,634,498,291,245,180,95,"2,365",,176,"2,665","14,071",
,Y59,South East Commissioning Region,NT431,Runnymede Hospital,8,0,0,0.0%,2,0,4,0,1,1,0,0,0,0,0,0,0,0,,0,0,11,
,Y59,South East Commissioning Region,NT433,Sarum Road Hospital,7,1,0,14.3%,4,2,0,0,0,0,0,1,0,0,0,0,0,0,,0,0,165,
,Y59,South East Commissioning Region,NT435,Shelburne Hospital,0,0,0,0.0%,0,0,0,0,0,0,0,0,0,0,0,0,0,0,,0,0,0,
,Y59,South East Commissioning Region,ALC,South East Ultrasound Ltd,"3,056",0,0,0.0%,716,531,743,979,87,0,0,0,0,0,0,0,0,0,,166,0,0,
,Y59,South East Commissioning Region,D5P5H,Spamedica Bexhill,0,0,0,0.0%,0,0,0,0,0,0,0,0,0,0,0,0,0,0,,0,0,13,
,Y59,South East Commissioning Region,I9A4A,Spamedica Brighton,0,0,0,0.0%,0,0,0,0,0,0,0,0,0,0,0,0,0,0,,0,0,16,
,Y59,South East Commissioning Region,M7C9Q,Spamedica Epsom,0,0,0,0.0%,0,0,0,0,0,0,0,0,0,0,0,0,0,0,,0,0,4,
,Y59,South East Commissioning Region,Q8X0X,Spamedica Isle of Wight,0,0,0,0.0%,0,0,0,0,0,0,0,0,0,0,0,0,0,0,,0,0,0,
,Y59,South East Commissioning Region,O5Y9D,Spamedica Oxford,0,0,0,0.0%,0,0,0,0,0,0,0,0,0,0,0,0,0,0,,0,0,0,
,Y59,South East Commissioning Region,A1U4J,Spamedica Portsmouth,0,0,0,0.0%,0,0,0,0,0,0,0,0,0,0,0,0,0,0,,0,0,5,
,Y59,South East Commissioning Region,M0N7E,Spamedica Sittingbourne,0,0,0,0.0%,0,0,0,0,0,0,0,0,0,0,0,0,0,0,,0,0,8,
,Y59,South East Commissioning Region,B9M3W,Spamedica Southampton,0,0,0,0.0%,0,0,0,0,0,0,0,0,0,0,0,0,0,0,,0,0,30,
,Y59,South East Commissioning Region,T8R5I,Spamedica Wokingham,0,0,0,0.0%,0,0,0,0,0,0,0,0,0,0,0,0,0,0,,0,0,18,
,Y59,South East Commissioning Region,NT312,Spire Alexandra Hospital,196,10,0,5.1%,64,49,38,25,7,3,2,1,1,2,1,3,0,0,,0,0,242,
,Y59,South East Commissioning Region,NT345,Spire Clare Park Hospital,16,0,0,0.0%,5,6,2,0,2,1,0,0,0,0,0,0,0,0,,0,0,43,
,Y59,South East Commissioning Region,NT344,Spire Dunedin Hospital,8,1,0,12.5%,3,3,1,0,0,0,0,0,1,0,0,0,0,0,,0,0,29,
,Y59,South East Commissioning Region,NT308,Spire Gatwick Park Hospital,205,37,16,18.0%,36,56,41,13,13,9,9,2,2,0,4,4,0,16,,0,0,277,
,Y59,South East Commissioning Region,NT364,Spire Montefiore Hospital,5,1,0,20.0%,0,4,0,0,0,0,0,0,0,0,0,0,1,0,,0,0,79,
,Y59,South East Commissioning Region,NT305,Spire Portsmouth Hospital,16,3,1,18.8%,4,2,4,2,1,0,2,0,0,0,0,0,0,1,,0,0,24,
,Y59,South East Commissioning Region,NT304,Spire Southampton Hospital,20,0,0,0.0%,8,6,3,1,0,2,0,0,0,0,0,0,0,0,,0,0,29,
,Y59,South East Commissioning Region,NT343,Spire Thames Valley Hospital,4,0,0,0.0%,2,1,0,1,0,0,0,0,0,0,0,0,0,0,,0,0,27,
,Y59,South East Commissioning Region,RTP,Surrey and Sussex Healthcare NHS Trust,"7,226",833,249,11.5%,"1,534","1,670","1,239","1,010",584,356,183,128,84,74,49,50,16,249,,"1,500","3,459","8,949",
,Y59,South East Commissioning Region,RDR,Sussex Community NHS Foundation Trust,"2,393",135,11,5.6%,641,570,458,347,158,84,72,43,5,2,1,1,0,11,,0,623,"1,415",
,Y59,South East Commissioning Region,NMC01,Sussex Medical Centre Ltd (Clive Avenue),"2,296",778,117,33.9%,390,258,263,193,256,158,170,188,82,35,83,71,32,117,,0,0,"1,627",
,Y59,South East Commissioning Region,G82050,Sydenham House Medical Centre,253,0,0,0.0%,0,127,0,126,0,0,0,0,0,0,0,0,0,0,,280,0,0,
,Y59,South East Commissioning Region,NVC02,The Berkshire Independent Hospital,278,141,105,50.7%,52,29,25,14,10,7,9,6,7,4,4,4,2,105,,0,0,277,
,Y59,South East Commissioning Region,NVC25,The Cherwell Hospital,924,526,351,56.9%,89,116,104,54,17,18,24,16,32,26,25,39,13,351,,6,0,379,
,Y59,South East Commissioning Region,G82020,The Grange Practice,309,0,0,0.0%,48,83,55,45,57,21,0,0,0,0,0,0,0,0,,0,0,393,
,Y59,South East Commissioning Region,NXM01,The Horder Centre - St Johns Road,40,4,1,10.0%,6,6,13,5,0,6,0,2,0,0,0,1,0,1,,0,72,0,
,Y59,South East Commissioning Region,RHM,University Hospital Southampton NHS Foundation Trust,"10,409","1,172",127,11.3%,"2,212","1,830","1,669","1,492","1,216",818,424,305,152,48,42,47,27,127,,"3,393","4,574","11,108",
,Y59,South East Commissioning Region,RYR,University Hospitals Sussex NHS Foundation Trust,"18,712","2,549",734,13.6%,"4,965","3,834","3,141","2,122","1,356",745,481,383,302,220,178,149,102,734,,"2,978","5,712","34,346",
,Y59,South East Commissioning Region,G82729,White Cliffs Medical Centre,324,0,0,0.0%,0,250,70,4,0,0,0,0,0,0,0,0,0,0,,0,0,730,
,Y59,South East Commissioning Region,G82071,Whitstable Medical Practice,180,0,0,0.0%,41,37,29,26,25,22,0,0,0,0,0,0,0,0,,0,0,419,
,Y60,Midlands Commissioning Region,NVC0I,Beacon Park Hospital,195,80,30,41.0%,35,35,22,6,12,5,6,10,9,14,5,0,6,30,,3,0,155,
,Y60,Midlands Commissioning Region,RQ3,Birmingham Women's and Children's NHS Foundation Trust,"3,387","1,086",386,32.1%,479,383,451,349,391,248,232,162,106,55,63,57,25,386,,"1,702",391,"2,472",
,Y60,Midlands Commissioning Region,NVC27,Boston West Hospital,250,50,11,20.0%,54,42,33,40,20,11,8,14,4,6,3,2,2,11,,7,0,243,
,Y60,Midlands Commissioning Region,RFS,Chesterfield Royal Hospital NHS Foundation Trust,"9,326","3,765","2,107",40.4%,"1,874","1,288",926,707,462,304,303,363,259,266,146,184,137,"2,107",,"1,416","2,075","9,356",
,Y60,Midlands Commissioning Region,RYG,Coventry and Warwickshire Partnership NHS Trust,114,0,0,0.0%,19,23,29,25,11,7,0,0,0,0,0,0,0,0,,15,0,65,
,Y60,Midlands Commissioning Region,NEP,Diagnostic World Ltd,"1,478",205,0,13.9%,362,263,257,196,143,52,72,66,34,23,8,2,0,0,,0,0,"1,807",
,Y60,Midlands Commissioning Region,NT412,Droitwich Spa Hospital,135,1,0,0.7%,34,47,27,12,9,5,0,0,0,1,0,0,0,0,,0,0,308,
,Y60,Midlands Commissioning Region,NT445,Edgbaston Hospital,0,0,0,0.0%,0,0,0,0,0,0,0,0,0,0,0,0,0,0,,0,0,11,
,Y60,Midlands Commissioning Region,RLT,George Eliot Hospital NHS Trust,"2,728",185,69,6.8%,891,710,441,265,140,96,38,28,37,10,2,0,1,69,,414,"1,995","4,645",
,Y60,Midlands Commissioning Region,K8I4X,Glendon Wood Hospital,232,39,12,16.8%,58,38,40,32,21,4,7,5,9,3,1,2,0,12,,2,0,502,
,Y60,Midlands Commissioning Region,RNQ,Kettering General Hospital NHS Foundation Trust,"8,521","1,094",83,12.8%,"1,370","1,540","1,426","1,221","1,066",804,356,216,144,103,90,65,37,83,,"1,135","1,334","10,047",
,Y60,Midlands Commissioning Region,RT5,Leicestershire Partnership NHS Trust,"1,425",986,630,69.2%,65,79,78,82,60,75,65,73,55,50,41,52,20,630,,0,0,295,
,Y60,Midlands Commissioning Region,NT450,Lincoln Private Hospital,67,12,0,17.9%,27,10,4,8,2,4,5,1,0,6,0,0,0,0,,0,0,167,
,Y60,Midlands Commissioning Region,DAY,LLR Patient Care Locally,"1,946",41,0,2.1%,586,473,360,227,184,75,22,9,5,4,0,1,0,0,,0,0,"4,359",
,Y60,Midlands Commissioning Region,NT424,Meriden Hospital,244,28,0,11.5%,86,35,22,33,22,18,16,9,3,0,0,0,0,0,,0,0,152,
,Y60,Midlands Commissioning Region,RRE,Midlands Partnership University NHS Foundation Trust,723,183,91,25.3%,113,93,155,43,96,40,23,20,18,7,8,8,8,91,,355,0,205,
,Y60,Midlands Commissioning Region,RNS,Northampton General Hospital NHS Trust,"9,638",871,225,9.0%,"2,468","2,103","1,483","1,321",909,483,231,162,118,52,19,30,34,225,,791,"3,440","9,220",
,Y60,Midlands Commissioning Region,RX1,Nottingham University Hospitals NHS Trust,"18,291","4,320",246,23.6%,"3,673","2,764","2,284","2,085","1,879","1,286","1,105","1,008",824,499,346,178,114,246,,"3,726","9,663","16,771",
,Y60,Midlands Commissioning Region,NT213,"Nuffield Health, Derby Hospital",41,7,2,17.1%,10,12,6,3,1,2,2,1,0,0,1,0,1,2,,0,0,31,
,Y60,Midlands Commissioning Region,NT219,"Nuffield Health, Hereford Hospital",4,0,0,0.0%,0,0,0,3,1,0,0,0,0,0,0,0,0,0,,12,0,0,
,Y60,Midlands Commissioning Region,NT226,"Nuffield Health, Leicester Hospital",63,18,10,28.6%,34,3,2,3,1,2,0,5,0,1,0,0,2,10,,0,0,47,
,Y60,Midlands Commissioning Region,NT230,"Nuffield Health, North Staffordshire Hospital",41,1,0,2.4%,28,9,3,0,0,0,0,0,0,0,0,1,0,0,,0,0,113,
,Y60,Midlands Commissioning Region,NT235,"Nuffield Health, Shrewsbury Hospital",0,0,0,0.0%,0,0,0,0,0,0,0,0,0,0,0,0,0,0,,9,0,0,
,Y60,Midlands Commissioning Region,NT224,"Nuffield Health, Warwickshire Hospital",1,0,0,0.0%,0,0,1,0,0,0,0,0,0,0,0,0,0,0,,0,0,7,
,Y60,Midlands Commissioning Region,NT242,"Nuffield Health, Wolverhampton Hospital",4,0,0,0.0%,1,1,2,0,0,0,0,0,0,0,0,0,0,0,,0,0,12,
,Y60,Midlands Commissioning Region,NT427,Park Hospital,40,1,0,2.5%,19,10,8,0,2,0,0,0,0,0,0,1,0,0,,0,0,266,
,Y60,Midlands Commissioning Region,NXV,Physiological Measurements Ltd,"6,134",20,0,0.3%,"4,300",957,412,245,127,73,17,1,2,0,0,0,0,0,,"14,098",0,"2,905",
,Y60,Midlands Commissioning Region,NTP13,Practice Plus Group Hospital - Barlborough,74,3,0,4.1%,12,18,13,21,3,4,1,1,0,1,0,0,0,0,,0,0,60,
,Y60,Midlands Commissioning Region,M2Y6D,Practice Plus Group Hospital Birmingham,7,0,0,0.0%,1,6,0,0,0,0,0,0,0,0,0,0,0,0,,0,0,16,
,Y60,Midlands Commissioning Region,NT429,Priory Hospital,83,7,1,8.4%,14,18,22,15,3,4,2,1,2,0,1,0,0,1,,0,0,88,
,Y60,Midlands Commissioning Region,NVC17,Rowley Hall Hospital,411,88,27,21.4%,77,146,53,13,30,4,9,14,15,5,5,1,12,27,,1,0,405,
,Y60,Midlands Commissioning Region,RXK,Sandwell and West Birmingham Hospitals NHS Trust,"21,150","4,503",972,21.3%,"3,197","3,296","3,157","2,729","2,279","1,989","1,189",899,357,295,306,279,206,972,,246,"5,102","12,953",
,Y60,Midlands Commissioning Region,NXX,Scrivens Ltd,"1,814",0,0,0.0%,760,486,242,207,85,34,0,0,0,0,0,0,0,0,,0,0,"1,814",
,Y60,Midlands Commissioning Region,RK5,Sherwood Forest Hospitals NHS Foundation Trust,"9,262",642,10,6.9%,"2,537","1,931","1,567","1,252",909,424,289,167,84,36,19,23,14,10,,"1,307","4,167","11,237",
,Y60,Midlands Commissioning Region,R1D,Shropshire Community Health NHS Trust,381,8,0,2.1%,87,82,89,67,31,17,4,1,2,0,0,1,0,0,,70,0,335,
,Y60,Midlands Commissioning Region,RJC,South Warwickshire University NHS Foundation Trust,"9,527",437,10,4.6%,"1,996","2,134","1,724","1,532",986,718,226,123,41,19,8,6,4,10,,225,"1,012","10,544",
,Y60,Midlands Commissioning Region,NPG11,Spamedica Birmingham,0,0,0,0.0%,0,0,0,0,0,0,0,0,0,0,0,0,0,0,,0,0,30,
,Y60,Midlands Commissioning Region,T4I8V,Spamedica Chesterfield,0,0,0,0.0%,0,0,0,0,0,0,0,0,0,0,0,0,0,0,,0,0,9,
,Y60,Midlands Commissioning Region,NPG21,Spamedica Coventry,0,0,0,0.0%,0,0,0,0,0,0,0,0,0,0,0,0,0,0,,0,0,10,
,Y60,Midlands Commissioning Region,NPG23,Spamedica Derby,0,0,0,0.0%,0,0,0,0,0,0,0,0,0,0,0,0,0,0,,0,0,15,
,Y60,Midlands Commissioning Region,L9D3Z,Spamedica Leicester,0,0,0,0.0%,0,0,0,0,0,0,0,0,0,0,0,0,0,0,,0,0,2,
,Y60,Midlands Commissioning Region,G3O5P,Spamedica Newark,0,0,0,0.0%,0,0,0,0,0,0,0,0,0,0,0,0,0,0,,0,0,20,
,Y60,Midlands Commissioning Region,NPG15,Spamedica Newcastle-Under-Lyme,0,0,0,0.0%,0,0,0,0,0,0,0,0,0,0,0,0,0,0,,0,0,12,
,Y60,Midlands Commissioning Region,J7V1N,Spamedica Solihull,0,0,0,0.0%,0,0,0,0,0,0,0,0,0,0,0,0,0,0,,0,0,30,
,Y60,Midlands Commissioning Region,V5F1D,Spamedica Telford,0,0,0,0.0%,0,0,0,0,0,0,0,0,0,0,0,0,0,0,,0,0,29,
,Y60,Midlands Commissioning Region,NPG20,Spamedica Wolverhampton,0,0,0,0.0%,0,0,0,0,0,0,0,0,0,0,0,0,0,0,,0,0,24,
,Y60,Midlands Commissioning Region,J3X4C,Spamedica Worcester,0,0,0,0.0%,0,0,0,0,0,0,0,0,0,0,0,0,0,0,,0,0,6,
,Y60,Midlands Commissioning Region,NYN,Specsavers Hearcare Group Ltd,"4,806",194,0,4.0%,"2,381",956,566,373,195,141,84,53,30,11,14,2,0,0,,"22,882",0,0,
,Y60,Midlands Commissioning Region,NT322,Spire Leicester Hospital,50,14,8,28.0%,19,5,3,2,4,3,4,1,0,0,1,0,0,8,,0,0,40,
,Y60,Midlands Commissioning Region,NT321,Spire Little Aston Hospital,67,1,0,1.5%,22,28,7,6,1,2,0,0,0,0,0,1,0,0,,0,0,126,
,Y60,Midlands Commissioning Region,NT30A,Spire Nottingham Hospital,19,0,0,0.0%,9,8,0,0,1,1,0,0,0,0,0,0,0,0,,0,0,93,
,Y60,Midlands Commissioning Region,NT320,Spire Parkway Hospital,138,10,3,7.2%,28,35,24,28,8,5,2,4,0,0,0,1,0,3,,0,0,150,
,Y60,Midlands Commissioning Region,NT301,Spire South Bank Hospital,39,22,19,56.4%,2,10,5,0,0,0,0,2,0,0,0,1,0,19,,0,0,61,
,Y60,Midlands Commissioning Region,NVC1H,Stourside Hospital,232,59,20,25.4%,43,74,24,14,7,11,12,6,8,2,7,2,2,20,,1,0,91,
,Y60,Midlands Commissioning Region,RNA,The Dudley Group NHS Foundation Trust,"8,041","1,089",257,13.5%,"2,639","1,670","1,094",698,546,305,162,156,173,115,99,98,29,257,,649,"4,465","10,308",
,Y60,Midlands Commissioning Region,RL1,The Robert Jones and Agnes Hunt Orthopaedic Hospital NHS Foundation Trust,"1,376",122,1,8.9%,164,297,283,253,155,102,38,29,28,19,7,0,0,1,,613,145,"1,600",
,Y60,Midlands Commissioning Region,RRJ,The Royal Orthopaedic Hospital NHS Foundation Trust,"1,047",1,0,0.1%,182,162,241,219,213,29,0,0,0,1,0,0,0,0,,131,0,"1,923",
,Y60,Midlands Commissioning Region,RL4,The Royal Wolverhampton NHS Trust,"10,973",245,77,2.2%,"2,670","2,495","2,242","1,656","1,245",420,51,44,31,16,11,11,4,77,,"1,322","2,788","11,015",
,Y60,Midlands Commissioning Region,RXW,The Shrewsbury and Telford Hospital NHS Trust,"14,808","3,229",472,21.8%,"2,655","2,429","1,993","1,735","1,599","1,168",717,649,517,353,299,159,63,472,,"1,574","3,201","18,372",
,Y60,Midlands Commissioning Region,NT441,Three Shires Hospital,190,11,0,5.8%,55,47,32,38,5,2,3,0,1,7,0,0,0,0,,0,0,196,
,Y60,Midlands Commissioning Region,RWD,United Lincolnshire Teaching Hospitals NHS Trust,"20,281","6,422","2,362",31.7%,"3,330","3,117","2,523","2,017","1,713","1,159","1,217",880,716,472,352,260,163,"2,362",,"1,689","3,605","19,949",
,Y60,Midlands Commissioning Region,RRK,University Hospitals Birmingham NHS Foundation Trust,"41,047","14,660","5,780",35.7%,"6,238","5,728","4,947","3,868","3,379","2,227","1,947","1,736","1,362","1,173","1,109",945,608,"5,780",,"7,598","18,902","28,748",
,Y60,Midlands Commissioning Region,RKB,University Hospitals Coventry and Warwickshire NHS Trust,"14,861","1,082",424,7.3%,"3,410","2,832","2,461","2,265","1,723","1,088",209,170,94,72,57,32,24,424,,936,"5,436","12,986",
,Y60,Midlands Commissioning Region,RTG,University Hospitals of Derby and Burton NHS Foundation Trust,"21,012","4,644","1,265",22.1%,"4,570","3,540","2,986","2,298","1,835","1,139",734,653,540,475,427,340,210,"1,265",,"1,919","6,136","20,675",
,Y60,Midlands Commissioning Region,RWE,University Hospitals of Leicester NHS Trust,"27,880","4,288",923,15.4%,"6,043","4,546","4,029","3,698","3,026","2,250",923,772,587,451,296,245,91,923,,"2,267","9,663","21,586",
,Y60,Midlands Commissioning Region,RJE,University Hospitals of North Midlands NHS Trust,"28,749","11,281","5,718",39.2%,"5,643","3,625","2,687","2,230","1,917","1,366","1,113","1,022",810,734,777,686,421,"5,718",,"4,937","9,671","22,150",
,Y60,Midlands Commissioning Region,RBK,Walsall Healthcare NHS Trust,"8,193",701,60,8.6%,"1,681","1,574","1,377","1,106",919,835,357,151,78,15,14,6,20,60,,431,"3,236","6,070",
,Y60,Midlands Commissioning Region,NVC21,West Midlands Hospital,264,25,13,9.5%,119,72,34,4,9,1,1,4,2,1,0,1,3,13,,1,0,281,
,Y60,Midlands Commissioning Region,NVC23,Woodland Hospital,353,33,12,9.3%,109,103,53,47,2,6,3,6,3,5,1,2,1,12,,10,0,515,
,Y60,Midlands Commissioning Region,NVC40,Woodthorpe Hospital,218,60,24,27.5%,75,41,13,20,8,1,14,6,7,3,3,1,2,24,,2,0,440,
,Y60,Midlands Commissioning Region,RWP,Worcestershire Acute Hospitals NHS Trust,"11,350","1,635",584,14.4%,"3,286","2,119","1,709","1,275",865,461,304,228,149,122,103,97,48,584,,"2,037","5,679","12,792",
,Y60,Midlands Commissioning Region,RLQ,Wye Valley NHS Trust,"6,612","1,468",86,22.2%,"1,465","1,163",910,684,499,423,383,309,240,190,125,93,42,86,,651,"2,405","4,695",
,Y61,East of England Commissioning Region,NT933,Alliance Medical MRI Service - Essex,74,0,0,0.0%,44,8,14,6,2,0,0,0,0,0,0,0,0,0,,0,0,527,
,Y61,East of England Commissioning Region,RC9,Bedfordshire Hospitals NHS Foundation Trust,"17,083","4,829",914,28.3%,"2,893","2,830","2,281","1,748","1,484","1,018",993,810,668,565,486,220,173,914,,"1,764","4,938","18,635",
,Y61,East of England Commissioning Region,NVC31,Blakelands Hospital,706,398,187,56.4%,66,73,68,40,26,35,33,45,30,26,24,36,17,187,,33,0,229,
,Y61,East of England Commissioning Region,RGT,Cambridge University Hospitals NHS Foundation Trust,"10,268","1,021",256,9.9%,"2,568","2,176","1,900","1,287",828,488,197,144,111,104,90,60,59,256,,"4,744","5,536","13,310",
,Y61,East of England Commissioning Region,RYV,Cambridgeshire Community Services NHS Trust,"1,919","1,429","1,076",74.5%,104,113,88,80,58,47,57,67,64,49,41,47,28,"1,076",,0,0,357,
,Y61,East of England Commissioning Region,NEM13,Chartwell Private Hospital,166,26,0,15.7%,0,0,5,49,52,34,26,0,0,0,0,0,0,0,,0,0,166,
,Y61,East of England Commissioning Region,RWH,East and North Hertfordshire NHS Trust,"21,587","10,701","6,408",49.6%,"2,052","2,078","1,943","1,886","1,585","1,342","1,119",888,688,603,533,303,159,"6,408",,0,"3,709","13,596",
,Y61,East of England Commissioning Region,RDE,East Suffolk and North Essex NHS Foundation Trust,"14,002",746,87,5.3%,"3,159","2,991","2,492","1,990","1,716",908,216,177,117,57,40,35,17,87,,"1,662","4,981","21,866",
,Y61,East of England Commissioning Region,AWA,Eastwood Endoscopy Centre,401,1,0,0.2%,135,133,75,35,19,3,0,0,1,0,0,0,0,0,,86,0,570,
,Y61,East of England Commissioning Region,NUC,Essexultrasound & Medical Services Ltd,"4,737",0,0,0.0%,350,777,617,"2,504",450,39,0,0,0,0,0,0,0,0,,"4,737",0,0,
,Y61,East of England Commissioning Region,NVC06,Fitzwilliam Hospital,505,55,25,10.9%,140,113,90,87,11,9,7,2,8,6,3,0,4,25,,24,0,574,
,Y61,East of England Commissioning Region,RY4,Hertfordshire Community NHS Trust,"1,079",759,533,70.3%,80,51,53,42,61,33,47,28,32,31,36,34,18,533,,0,0,140,
,Y61,East of England Commissioning Region,RGP,James Paget University Hospitals NHS Foundation Trust,"7,186","1,903",577,26.5%,"1,210","1,317","1,052",798,543,363,258,241,180,209,189,153,96,577,,876,949,"8,229",
,Y61,East of England Commissioning Region,NBI,Lakeside Medical Diagnostics,"1,342",0,0,0.0%,0,372,0,970,0,0,0,0,0,0,0,0,0,0,,35,623,938,
,Y61,East of England Commissioning Region,NT423,Manor Hospital,11,1,0,9.1%,9,1,0,0,0,0,0,0,1,0,0,0,0,0,,0,0,7,
,Y61,East of England Commissioning Region,DLG,Mayflower Healthcare Alliance,70,0,0,0.0%,31,23,7,5,3,1,0,0,0,0,0,0,0,0,,0,0,102,
,Y61,East of England Commissioning Region,RAJ,Mid and South Essex NHS Foundation Trust,"26,921","6,520","2,190",24.2%,"6,293","4,014","3,244","2,854","2,333","1,663","1,123","1,087",726,466,395,330,203,"2,190",,"1,544","15,393","23,825",
,Y61,East of England Commissioning Region,RD8,Milton Keynes University Hospital NHS Foundation Trust,"7,729","2,420","1,367",31.3%,"1,900","1,269",738,584,491,327,231,169,144,137,139,128,105,"1,367",,"1,844","2,844","3,823",
,Y61,East of England Commissioning Region,RM1,Norfolk and Norwich University Hospitals NHS Foundation Trust,"18,136","4,533","1,180",25.0%,"3,665","2,693","2,183","1,999","1,853","1,210",710,676,555,264,482,416,250,"1,180",,"2,235","6,236","12,071",
,Y61,East of England Commissioning Region,RGN,North West Anglia NHS Foundation Trust,"12,954","2,426",525,18.7%,"2,241","2,269","2,065","1,763","1,291",899,628,403,301,220,157,128,64,525,,"1,742","6,647","12,670",
,Y61,East of England Commissioning Region,NT204,"Nuffield Health, Brentwood Hospital",53,3,2,5.7%,31,10,3,2,2,2,0,0,1,0,0,0,0,2,,0,0,148,
,Y61,East of England Commissioning Region,NT209,"Nuffield Health, Cambridge Hospital",13,0,0,0.0%,2,3,1,4,1,2,0,0,0,0,0,0,0,0,,23,0,0,
,Y61,East of England Commissioning Region,NVC13,Oaks Hospital,37,8,2,21.6%,17,7,4,1,0,0,0,0,0,0,5,1,0,2,,1,0,54,
,Y61,East of England Commissioning Region,NVC15,Pinehill Hospital,182,15,6,8.2%,46,44,41,26,7,3,4,3,0,0,0,1,1,6,,1,0,161,
,Y61,East of England Commissioning Region,NQA,Provide,189,20,0,10.6%,43,20,27,29,28,22,13,3,1,2,1,0,0,0,,0,0,149,
,Y61,East of England Commissioning Region,NVC19,Rivers Hospital,541,89,31,16.5%,126,153,65,71,19,18,18,10,5,8,11,5,1,31,,253,0,594,
,Y61,East of England Commissioning Region,RGM,Royal Papworth Hospital NHS Foundation Trust,"2,035",130,37,6.4%,828,296,206,212,205,158,6,12,32,21,17,5,0,37,,616,0,"1,733",
,Y61,East of England Commissioning Region,NT434,Saxon Clinic,18,1,0,5.6%,3,10,2,0,1,1,0,0,1,0,0,0,0,0,,0,0,128,
,Y61,East of England Commissioning Region,NPG19,Spamedica Bedford,0,0,0,0.0%,0,0,0,0,0,0,0,0,0,0,0,0,0,0,,0,0,19,
,Y61,East of England Commissioning Region,O6X7Z,Spamedica Cambridge,0,0,0,0.0%,0,0,0,0,0,0,0,0,0,0,0,0,0,0,,0,0,6,
,Y61,East of England Commissioning Region,NPG16,Spamedica Chelmsford,0,0,0,0.0%,0,0,0,0,0,0,0,0,0,0,0,0,0,0,,0,0,6,
,Y61,East of England Commissioning Region,J2H6H,Spamedica Colchester,0,0,0,0.0%,0,0,0,0,0,0,0,0,0,0,0,0,0,0,,0,0,15,
,Y61,East of England Commissioning Region,K9J3O,Spamedica Luton,0,0,0,0.0%,0,0,0,0,0,0,0,0,0,0,0,0,0,0,,0,0,5,
,Y61,East of England Commissioning Region,M3R0W,Spamedica Norwich,0,0,0,0.0%,0,0,0,0,0,0,0,0,0,0,0,0,0,0,,0,0,18,
,Y61,East of England Commissioning Region,B9J4U,Spamedica Peterborough,0,0,0,0.0%,0,0,0,0,0,0,0,0,0,0,0,0,0,0,,0,0,31,
,Y61,East of England Commissioning Region,Q1W6P,Spamedica Watford,0,0,0,0.0%,0,0,0,0,0,0,0,0,0,0,0,0,0,0,,0,0,14,
,Y61,East of England Commissioning Region,NT315,Spire Bushey Hospital,105,2,0,1.9%,40,28,22,6,1,6,1,0,0,0,1,0,0,0,,0,0,161,
,Y61,East of England Commissioning Region,NT317,Spire Cambridge Lea Hospital,16,4,1,25.0%,4,7,1,0,0,0,0,2,0,1,0,0,0,1,,0,0,17,
,Y61,East of England Commissioning Region,NT316,Spire Harpenden Hospital,84,2,0,2.4%,37,19,5,8,6,7,1,1,0,0,0,0,0,0,,0,0,210,
,Y61,East of England Commissioning Region,NT319,Spire Hartswood Hospital,42,4,2,9.5%,9,23,0,1,3,2,0,0,0,0,0,2,0,2,,0,0,129,
,Y61,East of England Commissioning Region,NT318,Spire Norwich Hospital,7,4,4,57.1%,1,0,2,0,0,0,0,0,0,0,0,0,0,4,,0,0,0,
,Y61,East of England Commissioning Region,NT313,Spire Wellesley Hospital,62,11,9,17.7%,24,11,4,3,2,7,0,0,0,0,1,1,0,9,,0,0,170,
,Y61,East of England Commissioning Region,NVC18,Springfield Hospital,649,95,12,14.6%,122,193,153,60,18,8,22,40,9,8,1,3,0,12,,2,0,464,
,Y61,East of England Commissioning Region,NT446,St Edmunds Hospital,22,1,0,4.5%,6,7,7,0,1,0,0,0,1,0,0,0,0,0,,0,0,15,
,Y61,East of England Commissioning Region,NDL01,Suffolk GP Federation,869,4,0,0.5%,322,294,157,52,36,4,1,0,1,0,1,0,1,0,,67,0,"1,248",
,Y61,East of England Commissioning Region,S3H9L,The Hamptons Hospital Ltd,355,49,2,13.8%,1,54,118,81,25,27,7,6,5,3,9,5,12,2,,0,0,138,
,Y61,East of England Commissioning Region,RQW,The Princess Alexandra Hospital NHS Trust,"9,759","3,088","1,284",31.6%,"1,646","1,440","1,164",978,817,626,520,419,264,235,186,122,58,"1,284",,"1,109","2,156","8,376",
,Y61,East of England Commissioning Region,RCX,"The Queen Elizabeth Hospital, King's Lynn, NHS Foundation Trust","9,583","3,694","1,742",38.5%,"1,244","1,162","1,010",967,854,652,436,387,249,284,254,220,122,"1,742",,825,"2,612","5,676",
,Y61,East of England Commissioning Region,RWG,West Hertfordshire Teaching Hospitals NHS Trust,"15,095","1,460",174,9.7%,"3,035","2,744","2,526","2,244","2,161",925,437,403,185,110,73,50,28,174,,250,"1,942","11,190",
,Y61,East of England Commissioning Region,RGR,West Suffolk NHS Foundation Trust,"11,593","5,427","2,397",46.8%,"1,642","1,191","1,047",856,803,627,544,544,505,420,434,361,222,"2,397",,139,"2,421","6,986",
,Y62,North West Commissioning Region,RBS,Alder Hey Children's NHS Foundation Trust,539,21,6,3.9%,114,122,127,69,57,29,5,1,3,0,0,6,0,6,,"1,461",192,484,
,Y62,North West Commissioning Region,NT401,Alexandra Hospital,76,2,0,2.6%,22,25,12,3,11,1,1,1,0,0,0,0,0,0,,0,0,125,
,Y62,North West Commissioning Region,NRP,Beacon Medical Services Group Limited,232,0,0,0.0%,121,44,50,12,2,3,0,0,0,0,0,0,0,0,,286,0,"3,043",
,Y62,North West Commissioning Region,NT403,Beardwood Hospital,202,22,0,10.9%,64,52,19,24,10,11,11,9,1,1,0,0,0,0,,0,0,474,
,Y62,North West Commissioning Region,NT404,Beaumont Hospital,198,10,0,5.1%,79,49,15,33,10,2,1,1,7,1,0,0,0,0,,0,0,426,
,Y62,North West Commissioning Region,RXL,Blackpool Teaching Hospitals NHS Foundation Trust,"5,878",794,56,13.5%,"1,675","1,121",746,703,575,264,244,120,206,103,34,24,7,56,,"1,355","1,282","11,283",
,Y62,North West Commissioning Region,RMC,Bolton NHS Foundation Trust,"3,515",131,20,3.7%,"1,152",942,615,356,208,111,31,21,11,20,14,8,6,20,,912,"2,441","5,717",
,Y62,North West Commissioning Region,RY2,Bridgewater Community Healthcare NHS Foundation Trust,242,32,3,13.2%,33,65,57,26,20,9,8,7,7,1,3,2,1,3,,226,0,190,
,Y62,North West Commissioning Region,A4M8P,Buckshaw Hospital,610,156,18,25.6%,131,116,91,65,26,25,44,34,19,10,21,8,2,18,,14,0,520,
,Y62,North West Commissioning Region,AAV,Community Health and Eyecare Limited,"1,247",344,14,27.6%,180,167,199,113,147,97,113,76,51,41,25,17,7,14,,0,0,837,
,Y62,North West Commissioning Region,RJR,Countess of Chester Hospital NHS Foundation Trust,"6,574",706,23,10.7%,"1,416","1,364","1,022",874,699,493,231,205,146,66,18,9,8,23,,598,"2,648","7,530",
,Y62,North West Commissioning Region,DKE,Curx Health Limited,37,0,0,0.0%,7,10,11,9,0,0,0,0,0,0,0,0,0,0,,"1,532",0,0,
,Y62,North West Commissioning Region,NEM,Diagnostic Healthcare Ltd,"2,529",338,30,13.4%,106,179,293,423,406,784,8,42,150,49,23,19,17,30,,0,0,"7,025",
,Y62,North West Commissioning Region,RJN,East Cheshire NHS Trust,"4,033",133,14,3.3%,"1,173","1,011",855,503,280,78,44,32,11,8,9,10,5,14,,472,0,"7,019",
,Y62,North West Commissioning Region,RXR,East Lancashire Hospitals NHS Trust,"13,013",184,71,1.4%,"3,757","3,225","2,527","1,771","1,109",440,23,22,18,18,15,12,5,71,,"1,213","2,131","16,036",
,Y62,North West Commissioning Region,M9U8M,Endocare Diagnostics Ltd,110,0,0,0.0%,46,29,24,4,7,0,0,0,0,0,0,0,0,0,,0,0,104,
,Y62,North West Commissioning Region,NVC05,Euxton Hall Hospital,553,127,27,23.0%,175,87,65,81,18,0,34,25,22,3,11,4,1,27,,4,0,487,
,Y62,North West Commissioning Region,NVG01,Fairfield Hospital,196,5,0,2.6%,54,52,55,19,11,0,2,1,0,1,0,0,1,0,,0,0,242,
,Y62,North West Commissioning Region,NV6,Fcms (Nw) Ltd,106,0,0,0.0%,47,24,22,8,5,0,0,0,0,0,0,0,0,0,,"1,418",0,0,
,Y62,North West Commissioning Region,NVC07,Fulwood Hall Hospital,825,210,97,25.5%,130,163,127,143,43,9,23,34,11,8,18,8,11,97,,9,0,540,
,Y62,North West Commissioning Region,DG701,Harmonic Medical Sonography Limited,647,4,0,0.6%,341,222,40,23,12,5,4,0,0,0,0,0,0,0,,647,0,0,
,Y62,North West Commissioning Region,NRL,Heart Networks,0,0,0,0.0%,0,0,0,0,0,0,0,0,0,0,0,0,0,0,,0,0,0,
,Y62,North West Commissioning Region,NT420,Highfield Hospital,117,0,0,0.0%,36,34,36,7,2,2,0,0,0,0,0,0,0,0,,0,0,304,
,Y62,North West Commissioning Region,RW5,Lancashire & South Cumbria NHS Foundation Trust,259,11,3,4.2%,63,39,50,46,22,28,2,2,0,2,1,0,1,3,,0,0,192,
,Y62,North West Commissioning Region,RXN,Lancashire Teaching Hospitals NHS Foundation Trust,"15,877","6,636","3,553",41.8%,"2,135","2,077","1,729","1,256","1,199",845,638,599,551,394,382,285,234,"3,553",,619,"4,272","14,563",
,Y62,North West Commissioning Region,D6H2T,"Lancaster House Consulting, Community Healthcare & Diagnostics",82,20,0,24.4%,0,0,1,25,18,18,13,7,0,0,0,0,0,0,,55,0,27,
,Y62,North West Commissioning Region,NT449,Lancaster Private Hospital,4,0,0,0.0%,2,0,1,1,0,0,0,0,0,0,0,0,0,0,,0,0,5,
,Y62,North West Commissioning Region,RBQ,Liverpool Heart and Chest Hospital NHS Foundation Trust,"2,733",106,0,3.9%,682,539,435,396,338,237,84,16,1,2,2,1,0,0,,395,233,"2,448",
,Y62,North West Commissioning Region,REM,Liverpool University Hospitals NHS Foundation Trust,"15,649","1,011",0,6.5%,"4,361","3,497","2,677","2,138","1,351",614,303,309,230,129,38,2,0,0,,"2,965","6,486","13,004",
,Y62,North West Commissioning Region,REP,Liverpool Women's NHS Foundation Trust,664,16,4,2.4%,129,223,133,132,19,12,3,8,1,0,0,0,0,4,,266,517,854,
,Y62,North West Commissioning Region,NN5,Manchester Surgical Services Ltd,66,1,0,1.5%,9,15,25,8,6,2,1,0,0,0,0,0,0,0,,0,0,27,
,Y62,North West Commissioning Region,R0A,Manchester University NHS Foundation Trust,"27,541","3,227","1,576",11.7%,"5,984","5,185","4,607","3,951","2,869","1,718",419,307,254,217,192,162,100,"1,576",,"3,636","8,334","28,876",
,Y62,North West Commissioning Region,RBN,Mersey and West Lancashire Teaching Hospitals NHS Trust,"15,956","1,094",49,6.9%,"4,295","3,553","2,726","2,065","1,430",793,535,286,123,57,22,17,5,49,,"2,496","3,480","19,986",
,Y62,North West Commissioning Region,RBT,Mid Cheshire Hospitals NHS Foundation Trust,"8,440",423,30,5.0%,"1,998","1,841","1,399","1,249","1,067",463,216,83,39,28,15,10,2,30,,876,"2,478","7,713",
,Y62,North West Commissioning Region,RM3,Northern Care Alliance NHS Foundation Trust,"20,343","1,893",260,9.3%,"4,169","4,173","3,523","2,750","2,469","1,366",591,305,207,174,199,111,46,260,,"1,748","4,717","26,123",
,Y62,North West Commissioning Region,NT210,"Nuffield Health, The Grosvenor Hospital, Chester",39,0,0,0.0%,17,10,4,1,4,3,0,0,0,0,0,0,0,0,,0,0,78,
,Y62,North West Commissioning Region,NVC12,Oaklands Hospital,913,41,1,4.5%,270,220,136,90,108,48,7,7,22,4,0,0,0,1,,80,0,880,
,Y62,North West Commissioning Region,DXV,Omnes Healthcare Ltd,"1,421",906,486,63.8%,0,123,122,92,107,71,92,72,72,64,50,44,26,486,,658,0,0,
,Y62,North West Commissioning Region,NVC16,Renacres Hospital,667,186,52,27.9%,169,104,86,52,37,33,36,25,18,24,16,6,9,52,,1,0,665,
,Y62,North West Commissioning Region,C3Y0A,Spamedica Blackpool,0,0,0,0.0%,0,0,0,0,0,0,0,0,0,0,0,0,0,0,,0,0,6,
,Y62,North West Commissioning Region,NPG08,Spamedica Bolton,0,0,0,0.0%,0,0,0,0,0,0,0,0,0,0,0,0,0,0,,0,0,18,
,Y62,North West Commissioning Region,V4U1Y,Spamedica Chester,0,0,0,0.0%,0,0,0,0,0,0,0,0,0,0,0,0,0,0,,0,0,0,
,Y62,North West Commissioning Region,Z5J5V,Spamedica Haydock,0,0,0,0.0%,0,0,0,0,0,0,0,0,0,0,0,0,0,0,,0,0,12,
,Y62,North West Commissioning Region,R1G7E,Spamedica Kendal,0,0,0,0.0%,0,0,0,0,0,0,0,0,0,0,0,0,0,0,,0,0,33,
,Y62,North West Commissioning Region,NPG06,Spamedica Liverpool,0,0,0,0.0%,0,0,0,0,0,0,0,0,0,0,0,0,0,0,,0,0,14,
,Y62,North West Commissioning Region,NPG01,Spamedica Manchester,0,0,0,0.0%,0,0,0,0,0,0,0,0,0,0,0,0,0,0,,0,0,11,
,Y62,North West Commissioning Region,O1P6X,Spamedica Oldham,0,0,0,0.0%,0,0,0,0,0,0,0,0,0,0,0,0,0,0,,0,0,15,
,Y62,North West Commissioning Region,NPG17,Spamedica Preston,0,0,0,0.0%,0,0,0,0,0,0,0,0,0,0,0,0,0,0,,0,0,12,
,Y62,North West Commissioning Region,I1H7K,Spamedica Sale,0,0,0,0.0%,0,0,0,0,0,0,0,0,0,0,0,0,0,0,,0,0,6,
,Y62,North West Commissioning Region,NPG13,Spamedica Skelmersdale,0,0,0,0.0%,0,0,0,0,0,0,0,0,0,0,0,0,0,0,,0,0,6,
,Y62,North West Commissioning Region,NPG14,Spamedica Widnes,0,0,0,0.0%,0,0,0,0,0,0,0,0,0,0,0,0,0,0,,0,0,10,
,Y62,North West Commissioning Region,NPG02,Spamedica Wirral,0,0,0,0.0%,0,0,0,0,0,0,0,0,0,0,0,0,0,0,,0,0,20,
,Y62,North West Commissioning Region,NT324,Spire Cheshire Hospital,73,12,4,16.4%,20,23,11,3,4,0,2,3,1,2,0,0,0,4,,0,0,139,
,Y62,North West Commissioning Region,NT347,Spire Fylde Coast Hospital,831,40,6,4.8%,212,156,154,143,68,58,13,7,6,4,2,1,1,6,,0,0,444,
,Y62,North West Commissioning Region,NT337,Spire Liverpool Hospital,548,51,1,9.3%,101,93,95,85,84,39,19,17,9,2,0,2,1,1,,0,0,572,
,Y62,North West Commissioning Region,NT327,Spire Manchester Hospital,17,0,0,0.0%,10,5,0,2,0,0,0,0,0,0,0,0,0,0,,0,0,87,
,Y62,North West Commissioning Region,NT325,Spire Murrayfield Hospital,29,3,1,10.3%,12,3,4,4,3,0,0,1,1,0,0,0,0,1,,0,0,129,
,Y62,North West Commissioning Region,NT339,Spire Regency Hospital,423,4,0,0.9%,118,106,88,35,61,11,0,1,0,1,1,1,0,0,,0,0,597,
,Y62,North West Commissioning Region,RWJ,Stockport NHS Foundation Trust,"8,643","2,015","1,071",23.3%,"1,732","1,521","1,197","1,041",732,405,275,276,153,77,63,67,33,"1,071",,"1,213","5,182","8,017",
,Y62,North West Commissioning Region,RMP,Tameside and Glossop Integrated Care NHS Foundation Trust,"3,233",13,0,0.4%,996,640,602,451,362,169,6,2,1,3,1,0,0,0,,766,811,"6,897",
,Y62,North West Commissioning Region,RBV,The Christie NHS Foundation Trust,"1,279",10,0,0.8%,408,317,204,176,123,41,5,3,2,0,0,0,0,0,,"3,091",302,920,
,Y62,North West Commissioning Region,REN,The Clatterbridge Cancer Centre NHS Foundation Trust,22,0,0,0.0%,10,2,0,4,5,1,0,0,0,0,0,0,0,0,,"2,355",195,"1,326",
,Y62,North West Commissioning Region,NPF01,The Industrial Diagnostics Company,8,0,0,0.0%,2,6,0,0,0,0,0,0,0,0,0,0,0,0,,0,0,78,
,Y62,North West Commissioning Region,RET,The Walton Centre NHS Foundation Trust,"1,740",6,1,0.3%,472,377,311,248,266,60,2,1,0,1,0,1,0,1,,324,274,"1,412",
,Y62,North West Commissioning Region,RTX,University Hospitals of Morecambe Bay NHS Foundation Trust,"9,972","1,707",216,17.1%,"2,146","1,751","1,539","1,352",863,614,417,328,309,171,109,87,70,216,,"1,211","4,251","8,640",
,Y62,North West Commissioning Region,RWW,Warrington and Halton Teaching Hospitals NHS Foundation Trust,"7,324",243,44,3.3%,"2,207","1,525","1,294","1,010",767,278,70,41,42,19,9,10,8,44,,953,"2,624","8,940",
,Y62,North West Commissioning Region,RY7,Wirral Community Health and Care NHS Foundation Trust,219,0,0,0.0%,69,78,72,0,0,0,0,0,0,0,0,0,0,0,,0,0,314,
,Y62,North West Commissioning Region,RBL,Wirral University Teaching Hospital NHS Foundation Trust,"10,051",761,21,7.6%,"2,361","1,771","1,713","1,434","1,201",810,478,158,69,16,6,11,2,21,,53,14,"12,099",
,Y62,North West Commissioning Region,RRF,"Wrightington, Wigan and Leigh NHS Foundation Trust","9,453",955,33,10.1%,"1,391","2,002","1,847","1,473","1,130",655,464,156,129,71,64,25,13,33,,"1,352","3,622","10,399",
,Y63,North East and Yorkshire Commissioning Region,RCF,Airedale NHS Foundation Trust,"4,245",55,0,1.3%,"1,149","1,009",857,573,406,196,31,5,6,7,5,1,0,0,,767,"1,194","4,846",
,Y63,North East and Yorkshire Commissioning Region,RFF,Barnsley Hospital NHS Foundation Trust,"4,973",196,28,3.9%,991,"1,026",952,795,747,266,127,23,2,5,5,3,3,28,,853,"1,067","7,802",
,Y63,North East and Yorkshire Commissioning Region,RAE,Bradford Teaching Hospitals NHS Foundation Trust,"7,954","1,238",156,15.6%,"1,877","1,379","1,118","1,099",759,484,365,285,170,107,85,47,23,156,,695,143,"11,206",
,Y63,North East and Yorkshire Commissioning Region,RWY,Calderdale and Huddersfield NHS Foundation Trust,"11,044",853,27,7.7%,"2,627","2,128","2,022","1,545","1,045",824,423,147,97,74,56,16,13,27,,"1,105","4,370","10,392",
,Y63,North East and Yorkshire Commissioning Region,NL3,Care Plus Group,230,48,17,20.9%,32,23,45,36,24,22,11,6,2,6,2,1,3,17,,0,0,126,
,Y63,North East and Yorkshire Commissioning Region,NVC28,Clifton Park Hospital,155,40,3,25.8%,44,30,16,23,2,0,8,10,6,3,10,0,0,3,,1,0,179,
,Y63,North East and Yorkshire Commissioning Region,NVC29,Cobalt Hospital,236,28,5,11.9%,30,58,38,45,23,14,5,4,5,2,2,3,2,5,,0,0,264,
,Y63,North East and Yorkshire Commissioning Region,RXP,County Durham and Darlington NHS Foundation Trust,"14,612",857,28,5.9%,"3,115","2,814","2,695","2,332","1,568","1,231",463,265,58,20,13,9,1,28,,"1,599","8,004","11,733",
,Y63,North East and Yorkshire Commissioning Region,RP5,Doncaster and Bassetlaw Teaching Hospitals NHS Foundation Trust,"13,142","3,024","2,315",23.0%,"4,268","2,401","1,423","1,054",647,325,186,146,117,87,78,62,33,"2,315",,"2,562","6,124","11,952",
,Y63,North East and Yorkshire Commissioning Region,NT447,Duchy Hospital,7,0,0,0.0%,4,2,1,0,0,0,0,0,0,0,0,0,0,0,,0,0,48,
,Y63,North East and Yorkshire Commissioning Region,RR7,Gateshead Health NHS Foundation Trust,"6,491","1,127",25,17.4%,"1,535","1,041",925,746,670,447,357,312,238,118,36,28,13,25,,796,"1,171","7,482",
,Y63,North East and Yorkshire Commissioning Region,A84031,Greystoke Surgery,0,0,0,0.0%,0,0,0,0,0,0,0,0,0,0,0,0,0,0,,31,0,0,
,Y63,North East and Yorkshire Commissioning Region,RCD,Harrogate and District NHS Foundation Trust,"6,075","1,724",484,28.4%,"1,057","1,026",885,550,476,357,327,268,237,136,129,105,38,484,,612,932,"6,460",
,Y63,North East and Yorkshire Commissioning Region,NT448,Huddersfield Private Hospital,175,10,1,5.7%,49,46,24,17,26,3,1,4,2,0,2,0,0,1,,0,0,243,
,Y63,North East and Yorkshire Commissioning Region,RWA,Hull University Teaching Hospitals NHS Trust,"15,809","2,507",853,15.9%,"3,734","2,974","2,378","2,034","1,468",714,414,310,268,263,122,171,106,853,,"2,010","7,757","10,611",
,Y63,North East and Yorkshire Commissioning Region,RY6,Leeds Community Healthcare NHS Trust,165,3,2,1.8%,48,47,31,19,10,7,1,0,0,0,0,0,0,2,,138,0,171,
,Y63,North East and Yorkshire Commissioning Region,RR8,Leeds Teaching Hospitals NHS Trust,"20,577","2,698",394,13.1%,"3,553","4,077","3,446","2,895","2,273","1,635",484,499,413,358,273,192,85,394,,"3,548","6,300","14,607",
,Y63,North East and Yorkshire Commissioning Region,B86059,Meanwood Health Centre,286,7,0,2.4%,137,71,35,19,13,4,2,4,0,1,0,0,0,0,,227,0,59,
,Y63,North East and Yorkshire Commissioning Region,RXF,Mid Yorkshire Teaching NHS Trust,"9,525",26,5,0.3%,"2,949","2,146","1,644","1,242",928,590,7,6,4,3,1,0,0,5,,"1,476","5,851","16,166",
,Y63,North East and Yorkshire Commissioning Region,NX2,Minor Ops Ltd,18,4,1,22.2%,0,5,2,6,1,0,3,0,0,0,0,0,0,1,,0,0,43,
,Y63,North East and Yorkshire Commissioning Region,RNN,North Cumbria Integrated Care NHS Foundation Trust,"9,339",839,139,9.0%,"2,645","2,218","1,514","1,036",685,402,253,136,110,102,59,29,11,139,,"1,910","4,796","9,503",
,Y63,North East and Yorkshire Commissioning Region,RVW,North Tees and Hartlepool NHS Foundation Trust,"4,989",163,98,3.3%,"1,563","1,357",828,536,364,178,14,6,9,12,6,11,7,98,,166,"2,666","8,344",
,Y63,North East and Yorkshire Commissioning Region,RJL,Northern Lincolnshire and Goole NHS Foundation Trust,"23,173","6,740",986,29.1%,"4,379","3,218","2,799","2,400","2,102","1,535","1,518","1,339","1,136",770,542,335,114,986,,"2,051","7,400","15,937",
,Y63,North East and Yorkshire Commissioning Region,RTF,Northumbria Healthcare NHS Foundation Trust,"12,977",106,7,0.8%,"3,358","2,978","2,327","1,882","1,394",932,27,15,21,18,4,11,3,7,,"1,608","4,925","16,067",
,Y63,North East and Yorkshire Commissioning Region,NQH,Novus Health Ltd,0,0,0,0.0%,0,0,0,0,0,0,0,0,0,0,0,0,0,0,,175,16,194,
,Y63,North East and Yorkshire Commissioning Region,NT225,"Nuffield Health, Leeds Hospital",85,3,1,3.5%,32,15,16,10,9,0,0,2,0,0,0,0,0,1,,0,0,108,
,Y63,North East and Yorkshire Commissioning Region,NT229,"Nuffield Health, Newcastle Upon Tyne Hospital",43,7,0,16.3%,19,6,5,1,3,2,7,0,0,0,0,0,0,0,,0,0,59,
,Y63,North East and Yorkshire Commissioning Region,NT237,"Nuffield Health, Tees Hospital",56,2,0,3.6%,17,14,5,9,7,2,1,0,0,1,0,0,0,0,,0,0,93,
,Y63,North East and Yorkshire Commissioning Region,NT245,"Nuffield Health, York Hospital",423,158,25,37.4%,10,32,35,57,52,79,76,36,1,4,5,5,6,25,,0,0,79,
,Y63,North East and Yorkshire Commissioning Region,NVC14,Park Hill Hospital,145,93,54,64.1%,11,3,9,17,6,6,4,4,5,13,6,0,7,54,,0,0,41,
,Y63,North East and Yorkshire Commissioning Region,NEQ,Phoenix Health Solutions Limited HQ,157,5,0,3.2%,47,44,14,21,8,18,1,2,2,0,0,0,0,0,,6,0,241,
,Y63,North East and Yorkshire Commissioning Region,NEY,Pioneer Healthcare Limited,247,15,0,6.1%,70,87,49,11,12,3,5,3,4,2,1,0,0,0,,0,0,75,
,Y63,North East and Yorkshire Commissioning Region,RCU,Sheffield Children's NHS Foundation Trust,"1,783",415,156,23.3%,279,314,260,226,183,106,52,48,43,42,32,33,9,156,,476,587,"1,238",
,Y63,North East and Yorkshire Commissioning Region,RHQ,Sheffield Teaching Hospitals NHS Foundation Trust,"26,489","9,662","1,295",36.5%,"3,872","3,150","3,037","2,686","2,262","1,820","1,884","1,762","1,434","1,310",998,642,337,"1,295",,"2,021","3,391","18,225",
,Y63,North East and Yorkshire Commissioning Region,RTR,South Tees Hospitals NHS Foundation Trust,"11,738","1,478",383,12.6%,"3,099","2,521","1,878","1,399",874,489,246,212,144,144,147,124,78,383,,"1,391","3,902","13,998",
,Y63,North East and Yorkshire Commissioning Region,R0B,South Tyneside and Sunderland NHS Foundation Trust,"10,380","1,253",96,12.1%,"2,898","2,005","1,477","1,184",884,679,424,286,183,123,83,48,10,96,,"1,404","2,585","14,918",
,Y63,North East and Yorkshire Commissioning Region,RXG,South West Yorkshire Partnership NHS Foundation Trust,144,26,0,18.1%,18,29,27,20,11,13,10,11,4,1,0,0,0,0,,77,0,101,
,Y63,North East and Yorkshire Commissioning Region,I2C7H,Spamedica Bradford,0,0,0,0.0%,0,0,0,0,0,0,0,0,0,0,0,0,0,0,,0,0,39,
,Y63,North East and Yorkshire Commissioning Region,E1U4T,Spamedica Carlisle,0,0,0,0.0%,0,0,0,0,0,0,0,0,0,0,0,0,0,0,,0,0,4,
,Y63,North East and Yorkshire Commissioning Region,T8V3L,Spamedica Doncaster,0,0,0,0.0%,0,0,0,0,0,0,0,0,0,0,0,0,0,0,,0,0,22,
,Y63,North East and Yorkshire Commissioning Region,NPG07,Spamedica Eye Hospital (Wakefield),0,0,0,0.0%,0,0,0,0,0,0,0,0,0,0,0,0,0,0,,0,0,57,
,Y63,North East and Yorkshire Commissioning Region,Z9Z1G,Spamedica Gateshead,0,0,0,0.0%,0,0,0,0,0,0,0,0,0,0,0,0,0,0,,0,0,20,
,Y63,North East and Yorkshire Commissioning Region,NPG18,Spamedica Hull,0,0,0,0.0%,0,0,0,0,0,0,0,0,0,0,0,0,0,0,,0,0,42,
,Y63,North East and Yorkshire Commissioning Region,P0C3F,Spamedica Leeds,0,0,0,0.0%,0,0,0,0,0,0,0,0,0,0,0,0,0,0,,0,0,0,
,Y63,North East and Yorkshire Commissioning Region,G5X2Q,Spamedica North Tyneside,0,0,0,0.0%,0,0,0,0,0,0,0,0,0,0,0,0,0,0,,0,0,4,
,Y63,North East and Yorkshire Commissioning Region,NPG10,Spamedica Sheffield,0,0,0,0.0%,0,0,0,0,0,0,0,0,0,0,0,0,0,0,,0,0,36,
,Y63,North East and Yorkshire Commissioning Region,NPG22,Spamedica Stockton-On-Tees,0,0,0,0.0%,0,0,0,0,0,0,0,0,0,0,0,0,0,0,,0,0,16,
,Y63,North East and Yorkshire Commissioning Region,NT348,Spire Elland Hospital,78,2,0,2.6%,22,10,12,14,16,2,1,1,0,0,0,0,0,0,,0,0,112,
,Y63,North East and Yorkshire Commissioning Region,NT351,Spire Hull and East Riding Hospital,478,156,63,32.6%,59,79,51,74,22,37,1,15,20,16,21,14,6,63,,0,0,210,
,Y63,North East and Yorkshire Commissioning Region,NT332,Spire Leeds Hospital,36,2,1,5.6%,13,12,4,1,1,3,0,0,1,0,0,0,0,1,,0,0,24,
,Y63,North East and Yorkshire Commissioning Region,NT350,Spire Methley Park Hospital,80,13,2,16.3%,24,18,6,11,4,4,0,6,1,0,3,1,0,2,,0,0,113,
,Y63,North East and Yorkshire Commissioning Region,NT333,Spire Washington Hospital,166,6,1,3.6%,69,49,17,17,6,2,1,2,1,0,0,1,0,1,,0,0,265,
,Y63,North East and Yorkshire Commissioning Region,NVC0R,Tees Valley Hospital,320,71,36,22.2%,91,76,44,31,6,1,7,2,6,7,7,5,1,36,,12,0,562,
,Y63,North East and Yorkshire Commissioning Region,B83058,The Avicenna Medical Practice,83,0,0,0.0%,35,19,5,10,10,4,0,0,0,0,0,0,0,0,,0,0,179,
,Y63,North East and Yorkshire Commissioning Region,AJ8,The Grange Medical Centre HQ,228,0,0,0.0%,36,69,42,45,18,18,0,0,0,0,0,0,0,0,,0,0,185,
,Y63,North East and Yorkshire Commissioning Region,NID,The Living Care Group,"1,767",0,0,0.0%,"1,767",0,0,0,0,0,0,0,0,0,0,0,0,0,,0,"1,767",0,
,Y63,North East and Yorkshire Commissioning Region,RTD,The Newcastle Upon Tyne Hospitals NHS Foundation Trust,"14,156","2,296",637,16.2%,"3,314","2,594","2,092","1,715","1,155",990,564,252,191,187,201,164,100,637,,535,"4,302","17,396",
,Y63,North East and Yorkshire Commissioning Region,RFR,The Rotherham NHS Foundation Trust,"5,957",35,12,0.6%,"1,501","1,278",998,914,859,372,8,5,4,2,2,2,0,12,,"1,366","2,922","5,965",
,Y63,North East and Yorkshire Commissioning Region,NVC20,The Yorkshire Clinic,"1,415",308,117,21.8%,282,294,224,161,108,38,54,34,24,25,25,17,12,117,,8,0,"1,335",
,Y63,North East and Yorkshire Commissioning Region,NT440,Thornbury Hospital,101,3,0,3.0%,25,26,29,11,7,0,1,1,0,0,0,1,0,0,,0,0,224,
,Y63,North East and Yorkshire Commissioning Region,NN4,Tyneside Surgical Services Ltd,66,2,0,3.0%,25,21,9,6,2,1,1,1,0,0,0,0,0,0,,0,0,163,
,Y63,North East and Yorkshire Commissioning Region,AGA,Westcliffe Health Innovations Ltd,224,61,24,27.2%,17,13,12,93,25,3,14,7,5,4,6,1,0,24,,"1,231",0,224,
,Y63,North East and Yorkshire Commissioning Region,NT457,Woodlands Hospital,76,2,0,2.6%,20,31,13,6,3,1,0,1,1,0,0,0,0,0,,0,0,408,
,Y63,North East and Yorkshire Commissioning Region,RCB,York and Scarborough Teaching Hospitals NHS Foundation Trust,"13,049","4,127","1,738",31.6%,"2,200","2,062","1,581","1,267","1,143",669,513,469,528,309,249,223,98,"1,738",,"1,622","5,744","10,699",
,Y63,North East and Yorkshire Commissioning Region,NKO,Yorkshire Health Solutions Ltd,575,0,0,0.0%,197,150,133,91,4,0,0,0,0,0,0,0,0,0,,0,0,"13,867",